1000,1.7525796359531645e-07
1100,1.4704096177751737e-07
1200,1.2524265800285372e-07
1300,1.0803828106921534e-07
1400,9.421134512921079e-08
1500,8.292486165792102e-08
1600,7.358720797280841e-08
1700,6.577033531300167e-08
1800,5.915817596589475e-08
1900,5.3513126805750134e-08
2000,4.8653705383915065e-08
2100,4.4439309162327526e-08
2200,4.075960525001927e-08
2300,3.7527007092820175e-08
2400,3.4671250959216975e-08
2500,3.213542699030754e-08
2600,2.987303466532935e-08
2700,2.7845770722683203e-08
2800,2.6021848088510325e-08
2900,2.437470470662115e-08
3000,2.2882002047305814e-08
3100,2.1524841192095745e-08
3200,2.0287144000284833e-08
3300,1.915516071406406e-08
3400,1.8117075260607054e-08
3500,1.7162686666925985e-08
3600,1.6283150231353016e-08
3700,1.5470765952659396e-08
3800,1.471880458625432e-08
3900,1.4021363856322899e-08
4000,1.337324898075815e-08
4100,1.2769872912833628e-08
4200,1.2207172659373597e-08
4300,1.168153877540773e-08
4400,1.118975571171559e-08
4500,1.072895114338356e-08
4600,1.0296552763589403e-08
4700,9.890251309123493e-09
4800,9.507968809149713e-09
4900,9.147831228954499e-09
5000,8.808144825538025e-09
5100,8.48737564957265e-09
5200,8.184131721467165e-09
5300,7.89714749348089e-09
5400,7.625270262942824e-09
5500,7.3674482646707725e-09
5600,7.122720207641352e-09
5700,6.890206058951159e-09
5800,6.669098907651174e-09
5900,6.458657765938948e-09
6000,6.258201186041771e-09
6100,6.0671015886338245e-09
6200,5.884780213380992e-09
6300,5.710702614669411e-09
6400,5.544374636133403e-09
6500,5.385338806569879e-09
6600,5.2331711074688515e-09
6700,5.087478068917036e-09
6800,4.947894156220052e-09
6900,4.814079414385266e-09
7000,4.685717341733493e-09
7100,4.562512967465511e-09
7200,4.444191110764935e-09
7300,4.3304948039080565e-09
7400,4.221183857492099e-09
7500,4.116033558998271e-09
7600,4.014833486579077e-09
7700,3.917386428121198e-09
7800,3.8235073947635e-09
7900,3.733022719534698e-09
8000,3.6457692328021773e-09
8100,3.561593507126243e-09
8200,3.480351164909082e-09
8300,3.4019062429287745e-09
8400,3.3261306084681637e-09
8500,3.252903422296318e-09
8600,3.1821106442458923e-09
8700,3.1136445775605825e-09
8800,3.0474034485697153e-09
8900,2.9832910185877847e-09
9000,2.921216225240336e-09
9100,2.8610928506885288e-09
9200,2.802839214466751e-09
9300,2.7463778888642145e-09
9400,2.6916354349753563e-09
9500,2.638542157717895e-09
9600,2.587031878273454e-09
9700,2.537041722546122e-09
9800,2.48851192436062e-09
9900,2.4413856422355594e-09
10000,2.395608788669931e-09
10100,2.351129870973659e-09
10200,2.3078998430108795e-09
10300,2.265871965523821e-09
10400,2.225001678097754e-09
10500,2.185246477026188e-09
10600,2.1465658022456645e-09
10700,2.1089209312545038e-09
10800,2.0722748797432404e-09
10900,2.03659230845483e-09
11000,2.0018394358313354e-09
11100,1.9679839560390336e-09
11200,1.934994961996034e-09
11300,1.9028428730558262e-09
11400,1.871499367027027e-09
11500,1.8409373162340918e-09
11600,1.8111307273462533e-09
11700,1.7820546847224726e-09
11800,1.7536852970390978e-09
11900,1.725999646984189e-09
12000,1.6989757438183744e-09
12100,1.672592478616707e-09
12200,1.6468295820193844e-09
12300,1.6216675843315906e-09
12400,1.5970877778240523e-09
12500,1.5730721810963915e-09
12600,1.549603505375046e-09
12700,1.5266651226263928e-09
12800,1.504241035373995e-09
12900,1.4823158481164618e-09
13000,1.460874740249444e-09
13100,1.4399034404018127e-09
13200,1.4193882021020591e-09
13300,1.3993157806965397e-09
13400,1.379673411446368e-09
13500,1.3604487887345141e-09
13600,1.3416300463191502e-09
13700,1.3232057385733743e-09
13800,1.3051648226553007e-09
13900,1.2874966415560426e-09
14000,1.2701909079764483e-09
14100,1.2532376889865008e-09
14200,1.2366273914241877e-09
14300,1.220350747993291e-09
14400,1.204398804022058e-09
14500,1.1887629049018502e-09
14600,1.1734346838436863e-09
14700,1.1584060507410938e-09
14800,1.1436691810180905e-09
14900,1.1292165052516745e-09
15000,1.1150406992161876e-09
15100,1.1011346743791147e-09
15200,1.0874915688250455e-09
15300,1.0741047385858376e-09
15400,1.0609677493563081e-09
15500,1.0480743685759328e-09
15600,1.0354185578581663e-09
15700,1.0229944657500021e-09
15800,1.010796420805393e-09
15900,9.98818924957036e-10
16000,9.870566471719024e-10
16100,9.755044173766842e-10
16200,9.6415722064009e-10
16300,9.530101915996246e-10
16400,9.42058609121161e-10
16500,9.312978911802345e-10
16600,9.207235899545814e-10
16700,9.103313871179928e-10
16800,9.001170893260934e-10
16900,8.900766238851166e-10
17000,8.802060345952498e-10
17100,8.705014777605236e-10
17200,8.609592183576556e-10
17300,8.515756263566355e-10
17400,8.423471731862088e-10
17500,8.33270428337764e-10
17600,8.243420561014441e-10
17700,8.155588124286314e-10
17800,8.069175419152222e-10
17900,7.984151749004051e-10
18000,7.900487246758988e-10
18100,7.818152848008641e-10
18200,7.737120265179326e-10
18300,7.657361962660123e-10
18400,7.578851132857423e-10
18500,7.501561673136726e-10
18600,7.425468163614092e-10
18700,7.350545845761755e-10
18800,7.276770601793775e-10
18900,7.204118934799387e-10
19000,7.132567949593132e-10
19100,7.062095334252327e-10
19200,6.992679342313756e-10
19300,6.924298775602756e-10
19400,6.856932967669135e-10
19500,6.790561767805446e-10
19600,6.725165525624341e-10
19700,6.660725076172671e-10
19800,6.597221725561084e-10
19900,6.534637237088737e-10
20000,6.472953817843773e-10
20100,6.412154105760835e-10
20200,6.352221157117999e-10
20300,6.293138434456031e-10
20400,6.234889792257001e-10
20500,6.177459476233501e-10
20600,6.120832096580633e-10
20700,6.064992627974992e-10
20800,6.009926396742261e-10
20900,5.955619070992594e-10
21000,5.902056651078162e-10
21100,5.849225460360862e-10
21200,5.797112136278733e-10
21300,5.745703621700015e-10
21400,5.694987156554337e-10
21500,5.644950269730892e-10
21600,5.595580771233886e-10
21700,5.546866744585942e-10
21800,5.498796539470564e-10
21900,5.451358764605035e-10
22000,5.404542280835541e-10
22100,5.358336194446639e-10
22200,5.312729850677457e-10
22300,5.267712827437366e-10
22400,5.223274929214113e-10
22500,5.179406181167691e-10
22600,5.136096823403515e-10
22700,5.093337305418671e-10
22800,5.051118280715283e-10
22900,5.009430601575274e-10
23000,4.968265313990992e-10
23100,4.92761365274641e-10
23200,4.8874670366438e-10
23300,4.847817063870974e-10
23400,4.808655507504354e-10
23500,4.769974311143381e-10
23600,4.73176558467182e-10
23700,4.694021600141812e-10
23800,4.656734787776578e-10
23900,4.619897732087923e-10
24000,4.583503168104716e-10
24100,4.5475439777087906e-10
24200,4.512013186074743e-10
24300,4.476903958210257e-10
24400,4.442209595593765e-10
24500,4.4079235329062757e-10
24600,4.3740393348543784e-10
24700,4.3405506930815266e-10
24800,4.3074514231648084e-10
24900,4.274735461694469e-10
25000,4.242396863433647e-10
25100,4.210429798555747e-10
25200,4.178828549957077e-10
25300,4.1475875106423743e-10
25400,4.116701181181007e-10
25500,4.0861641672316154e-10
25600,4.055971177133162e-10
25700,4.0261170195602897e-10
25800,3.996596601241084e-10
25900,3.967404924735298e-10
26000,3.938537086271267e-10
26100,3.909988273639688e-10
26200,3.8817537641426024e-10
26300,3.8538289225958955e-10
26400,3.826209199383769e-10
26500,3.7988901285635707e-10
26600,3.7718673260195765e-10
26700,3.7451364876642173e-10
26800,3.718693387685395e-10
26900,3.69253387683853e-10
27000,3.666653880782041e-10
27100,3.6410493984549755e-10
27200,3.6157165004956165e-10
27300,3.590651327699859e-10
27400,3.5658500895181814e-10
27500,3.541309062590194e-10
27600,3.5170245893156046e-10
27700,3.4929930764606246e-10
27800,3.4692109937987915e-10
27900,3.4456748727852395e-10
28000,3.4223813052634887e-10
28100,3.399326942203815e-10
28200,3.376508492472371e-10
28300,3.3539227216301495e-10
28400,3.3315664507609887e-10
28500,3.3094365553278315e-10
28600,3.2875299640564304e-10
28700,3.2658436578457645e-10
28800,3.2443746687044494e-10
28900,3.2231200787124026e-10
29000,3.202077020449984e-10
29100,3.181242670239956e-10
29200,3.160614255828346e-10
29300,3.1401890496789516e-10
29400,3.119964369491075e-10
29500,3.099937577299159e-10
29600,3.0801060785932945e-10
29700,3.060467321460093e-10
29800,3.041018795743326e-10
29900,3.0217580322238846e-10
30000,3.002682601818474e-10
30100,2.983790114796615e-10
30200,2.965078220015455e-10
30300,2.946544604171909e-10
30400,2.9281869910717054e-10
30500,2.910003140914904e-10
30600,2.891990849597429e-10
30700,2.874147948028252e-10
30800,2.856472301461784e-10
30900,2.838961808845122e-10
31000,2.8216144021797557e-10
31100,2.8044280458973636e-10
31200,2.7874007362493624e-10
31300,2.7705305007098547e-10
31400,2.753815397391624e-10
31500,2.737253514474887e-10
31600,2.720842969648437e-10
31700,2.704581909562931e-10
31800,2.688468509295957e-10
31900,2.6725009718286366e-10
32000,2.656677527533462e-10
32100,2.6409964336730943e-10
32200,2.62545597390985e-10
32300,2.610054457825628e-10
32400,2.5947902204520116e-10
32500,2.5796616218103e-10
32600,2.5646670464612443e-10
32700,2.5498049030642295e-10
32800,2.5350736239457043e-10
32900,2.52047166467661e-10
33000,2.505997503658619e-10
33100,2.491649641718953e-10
33200,2.4774266017135897e-10
33300,2.4633269281386574e-10
33400,2.4493491867498213e-10
33500,2.435491964189482e-10
33600,2.421753867621586e-10
33700,2.4081335243738926e-10
33800,2.3946295815875124e-10
33900,2.381240705873541e-10
34000,2.367965582976642e-10
34100,2.3548029174453973e-10
34200,2.3417514323092955e-10
34300,2.3288098687621796e-10
34400,2.315976985852023e-10
34500,2.303251560176876e-10
34600,2.29063238558687e-10
34700,2.2781182728920994e-10
34800,2.265708049576291e-10
34900,2.253400559516101e-10
35000,2.2411946627059217e-10
35100,2.2290892349880866e-10
35200,2.21708316778833e-10
35300,2.20517536785641e-10
35400,2.1933647570117495e-10
35500,2.1816502718940204e-10
35600,2.1700308637185275e-10
35700,2.1585054980363092e-10
35800,2.14707315449884e-10
35900,2.1357328266272425e-10
36000,2.1244835215858935e-10
36100,2.1133242599603548e-10
36200,2.1022540755395127e-10
36300,2.0912720151018405e-10
36400,2.080377138205699e-10
36500,2.0695685169835848e-10
36600,2.0588452359402481e-10
36700,2.0482063917545784e-10
36800,2.0376510930852045e-10
36900,2.0271784603797057e-10
37000,2.0167876256873704e-10
37100,2.006477732475424e-10
37200,1.9962479354486537e-10
37300,1.98609740037235e-10
37400,1.9760253038985143e-10
37500,1.9660308333952399e-10
37600,1.9561131867792195e-10
37700,1.9462715723513016e-10
37800,1.9365052086350427e-10
37900,1.9268133242181845e-10
38000,1.917195157596993e-10
38100,1.907649957023422e-10
38200,1.8981769803550042e-10
38300,1.88877549490746e-10
38400,1.8794447773099232e-10
38500,1.8701841133627713e-10
38600,1.860992797897968e-10
38700,1.851870134641906e-10
38800,1.8428154360806636e-10
38900,1.8338280233276496e-10
39000,1.824907225993585e-10
39100,1.8160523820587617e-10
39200,1.8072628377475462e-10
39300,1.7985379474050825e-10
39400,1.7898770733761348e-10
39500,1.7812795858860532e-10
39600,1.7727448629237944e-10
39700,1.764272290126972e-10
39800,1.755861260668894e-10
39900,1.747511175147548e-10
40000,1.7392214414764843e-10
40100,1.7309914747775857e-10
40200,1.722820697275656e-10
40300,1.7147085381948183e-10
40400,1.7066544336566667e-10
40500,1.6986578265801547e-10
40600,1.6907181665831772e-10
40700,1.6828349098858087e-10
40800,1.6750075192151807e-10
40900,1.667235464018993e-10
41000,1.659518219148206e-10
41100,1.6518552666004395e-10
41200,1.6442460942113112e-10
41300,1.636690195871245e-10
41400,1.6291870714394915e-10
41500,1.6217362266595717e-10
41600,1.6143371730761242e-10
41700,1.606989427953113e-10
41800,1.59969251419339e-10
41900,1.5924459602595758e-10
42000,1.5852493000962285e-10
42100,1.5781020730532937e-10
42200,1.5710038238107966e-10
42300,1.5639541023047578e-10
42400,1.5569524636543118e-10
42500,1.5499984680900064e-10
42600,1.5430916808832549e-10
42700,1.53623167227693e-10
42800,1.5294180174170658e-10
42900,1.5226502962856646e-10
43000,1.5159280936345652e-10
43100,1.5092509989203794e-10
43200,1.502618606240453e-10
43300,1.496030514269854e-10
43400,1.489486326199349e-10
43500,1.482985649674369e-10
43600,1.4765280967349308e-10
43700,1.4701132837565116e-10
43800,1.4637408313918425e-10
43900,1.45741036451362e-10
44000,1.4511215121581125e-10
44100,1.444873907469645e-10
44200,1.4386671876459473e-10
44300,1.4325009938843498e-10
44400,1.426374971328816e-10
44500,1.4202887690177904e-10
44600,1.4142420398328507e-10
44700,1.408234440448152e-10
44800,1.402265631280646e-10
44900,1.396335276441061e-10
45000,1.3904430436856345e-10
45100,1.384588604368581e-10
45200,1.3787716333952775e-10
45300,1.3729918091761697e-10
45400,1.3672488135813667e-10
45500,1.3615423318959295e-10
45600,1.355872052775828e-10
45700,1.350237668204566e-10
45800,1.344638873450454e-10
45900,1.3390753670245217e-10
46000,1.3335468506390655e-10
46100,1.3280530291668046e-10
46200,1.3225936106006575e-10
46300,1.3171683060141035e-10
46400,1.31177682952214e-10
46500,1.306418898242816e-10
46600,1.3010942322593305e-10
46700,1.2958025545826933e-10
46800,1.2905435911149286e-10
46900,1.2853170706128238e-10
47000,1.2801227246522085e-10
47100,1.27496028759275e-10
47200,1.2698294965432685e-10
47300,1.2647300913275507e-10
47400,1.2596618144506643e-10
47500,1.2546244110657577e-10
47600,1.249617628941339e-10
47700,1.2446412184290296e-10
47800,1.2396949324317791e-10
47900,1.2347785263725366e-10
48000,1.2298917581633752e-10
48100,1.2250343881750503e-10
48200,1.220206179207001e-10
48300,1.2154068964577722e-10
48400,1.21063630749586e-10
48500,1.2058941822309708e-10
48600,1.201180292885685e-10
48700,1.196494413967523e-10
48800,1.1918363222414056e-10
48900,1.1872057967024985e-10
49000,1.1826026185494423e-10
49100,1.1780265711579536e-10
49200,1.173477440054796e-10
49300,1.1689550128921193e-10
49400,1.1644590794221485e-10
49500,1.1599894314722277e-10
49600,1.1555458629202138e-10
49700,1.1511281696702041e-10
49800,1.1467361496286038e-10
49900,1.1423696026805241e-10
50000,1.1380283306664991e-10
50100,1.1337121373595289e-10
50200,1.1294208284424359e-10
50300,1.125154211485528e-10
50400,1.1209120959245676e-10
50500,1.1166942930390434e-10
50600,1.112500615930736e-10
50700,1.1083308795025723e-10
50800,1.10418490043777e-10
50900,1.1000624971792592e-10
51000,1.0959634899093883e-10
51100,1.091887700529896e-10
51200,1.0878349526421588e-10
51300,1.0838050715276965e-10
51400,1.0797978841289452e-10
51500,1.0758132190302854e-10
51600,1.0718509064393183e-10
51700,1.0679107781683983e-10
51800,1.0639926676164047e-10
51900,1.060096409750762e-10
52000,1.0562218410896903e-10
52100,1.052368799684693e-10
52200,1.0485371251032814e-10
52300,1.0447266584119152e-10
52400,1.0409372421591765e-10
52500,1.037168720359159e-10
52600,1.0334209384750798e-10
52700,1.0296937434030949e-10
52800,1.0259869834563404e-10
52900,1.0223005083491667e-10
53000,1.018634169181588e-10
53100,1.014987818423928e-10
53200,1.0113613099016632e-10
53300,1.0077544987804681e-10
53400,1.0041672415514456e-10
53500,1.0005993960165527e-10
53600,9.970508212742109e-11
53700,9.935213777051004e-11
53800,9.900109269581394e-11
53900,9.865193319366377e-11
54000,9.830464567846302e-11
54100,9.795921668733829e-11
54200,9.761563287880696e-11
54300,9.727388103146209e-11
54400,9.693394804267328e-11
54500,9.659582092730475e-11
54600,9.625948681644878e-11
54700,9.592493295617578e-11
54800,9.559214670629962e-11
54900,9.526111553915854e-11
55000,9.493182703841138e-11
55100,9.460426889784864e-11
55200,9.42784289202189e-11
55300,9.395429501606891e-11
55400,9.363185520259915e-11
55500,9.331109760253272e-11
55600,9.299201044299875e-11
55700,9.26745820544294e-11
55800,9.235880086947041e-11
55900,9.20446554219052e-11
56000,9.173213434559227e-11
56100,9.142122637341514e-11
56200,9.1111920336246e-11
56300,9.080420516192114e-11
56400,9.049806987422935e-11
56500,9.019350359191269e-11
56600,8.98904955276793e-11
56700,8.958903498722792e-11
56800,8.928911136828487e-11
56900,8.899071415965185e-11
57000,8.869383294026619e-11
57100,8.839845737827143e-11
57200,8.810457723009983e-11
57300,8.78121823395657e-11
57400,8.752126260519027e-11
57500,8.723180810633132e-11
57600,8.694380891193889e-11
57700,8.665725520650287e-11
57800,8.637213725752151e-11
57900,8.60884454146578e-11
58000,8.580617010890569e-11
58100,8.55253018517665e-11
58200,8.524583123443444e-11
58300,8.49677489269927e-11
58400,8.469104567761794e-11
58500,8.441571231179513e-11
58600,8.414173973154078e-11
58700,8.386911891463587e-11
58800,8.359784091386748e-11
58900,8.33278968562793e-11
59000,8.305927794243092e-11
59100,8.279197544566589e-11
59200,8.252598071138792e-11
59300,8.226128515634583e-11
59400,8.199788026792677e-11
59500,8.173575760345719e-11
59600,8.14749087895126e-11
59700,8.121532552123453e-11
59800,8.095699956165591e-11
59900,8.069992274103404e-11
60000,8.044408695619099e-11
60100,8.018948416986186e-11
60200,7.993610641005031e-11
60300,7.968394576939159e-11
60400,7.943299440452268e-11
60500,7.91832445354596e-11
60600,7.8934688444982e-11
60700,7.868731847802442e-11
60800,7.844112704107473e-11
60900,7.819610660157911e-11
61000,7.795224968735401e-11
61100,7.770954888600452e-11
61200,7.746799684434935e-11
61300,7.722758626785229e-11
61400,7.698830992006005e-11
61500,7.675016062204632e-11
61600,7.65131312518622e-11
61700,7.627721474399253e-11
61800,7.604240408881841e-11
61900,7.580869233208589e-11
62000,7.55760725743799e-11
62100,7.534453797060504e-11
62200,7.51140817294711e-11
62300,7.488469711298493e-11
62400,7.465637743594759e-11
62500,7.442911606545712e-11
62600,7.420290642041706e-11
62700,7.397774197104958e-11
62800,7.375361623841497e-11
62900,7.353052279393578e-11
63000,7.330845525892593e-11
63100,7.308740730412573e-11
63200,7.286737264924138e-11
63300,7.264834506248941e-11
63400,7.243031836014666e-11
63500,7.221328640610444e-11
63600,7.1997243111428e-11
63700,7.178218243392053e-11
63800,7.156809837769204e-11
63900,7.135498499273264e-11
64000,7.114283637449059e-11
64100,7.093164666345487e-11
64200,7.072141004474214e-11
64300,7.051212074768821e-11
64400,7.030377304544399e-11
64500,7.009636125457514e-11
64600,6.988987973466706e-11
64700,6.9684322887933e-11
64800,6.947968515882705e-11
64900,6.927596103366088e-11
65000,6.907314504022473e-11
65100,6.887123174741233e-11
65200,6.867021576484963e-11
65300,6.847009174252777e-11
65400,6.827085437043967e-11
65500,6.807249837822057e-11
65600,6.787501853479204e-11
65700,6.767840964801029e-11
65800,6.74826665643176e-11
65900,6.728778416839771e-11
66000,6.70937573828347e-11
66100,6.690058116777542e-11
66200,6.670825052059547e-11
66300,6.651676047556857e-11
66400,6.632610610353951e-11
66500,6.61362825116003e-11
66600,6.594728484276986e-11
66700,6.575910827567677e-11
66800,6.557174802424554e-11
66900,6.538519933738596e-11
67000,6.519945749868574e-11
67100,6.501451782610616e-11
67200,6.483037567168101e-11
67300,6.464702642121839e-11
67400,6.44644654940059e-11
67500,6.428268834251849e-11
67600,6.410169045212935e-11
67700,6.392146734082403e-11
67800,6.374201455891709e-11
67900,6.356332768877176e-11
68000,6.338540234452265e-11
68100,6.320823417180078e-11
68200,6.303181884746192e-11
68300,6.285615207931737e-11
68400,6.268122960586737e-11
68500,6.250704719603756e-11
68600,6.233360064891762e-11
68700,6.21608857935029e-11
68800,6.198889848843853e-11
68900,6.181763462176581e-11
69000,6.16470901106717e-11
69100,6.147726090124028e-11
69200,6.130814296820686e-11
69300,6.113973231471471e-11
69400,6.09720249720739e-11
69500,6.080501699952276e-11
69600,6.063870448399158e-11
69700,6.047308353986873e-11
69800,6.030815030876895e-11
69900,6.014390095930409e-11
70000,5.9980331686856e-11
70100,5.981743871335168e-11
70200,5.965521828704061e-11
70300,5.949366668227439e-11
70400,5.93327801992882e-11
70500,5.917255516398484e-11
70600,5.901298792772065e-11
70700,5.885407486709335e-11
70800,5.869581238373225e-11
70900,5.85381969040904e-11
71000,5.838122487923856e-11
71100,5.822489278466156e-11
71200,5.8069197120056155e-11
71300,5.79141344091312e-11
71400,5.7759701199409624e-11
71500,5.760589406203228e-11
71600,5.7452709591563727e-11
71700,5.730014440579988e-11
71800,5.714819514557743e-11
71900,5.6996858474585214e-11
72000,5.684613107917729e-11
72100,5.6696009668187786e-11
72200,5.654649097274768e-11
72300,5.639757174610309e-11
72400,5.6249248763435423e-11
72500,5.6101518821683276e-11
72600,5.595437873936584e-11
72700,5.580782535640831e-11
72800,5.566185553396849e-11
72900,5.5516466154265496e-11
73000,5.537165412040967e-11
73100,5.522741635623454e-11
73200,5.508374980612981e-11
73300,5.494065143487639e-11
73400,5.479811822748291e-11
73500,5.465614718902337e-11
73600,5.4514735344476795e-11
73700,5.437387973856823e-11
73800,5.423357743561096e-11
73900,5.4093825519350713e-11
74000,5.3954621092810715e-11
74100,5.381596127813875e-11
74200,5.367784321645514e-11
74300,5.3540264067702646e-11
74400,5.340322101049722e-11
74500,5.326671124198055e-11
74600,5.3130731977673766e-11
74700,5.299528045133259e-11
74800,5.286035391480373e-11
74900,5.272594963788262e-11
75000,5.259206490817259e-11
75100,5.245869703094514e-11
75200,5.2325843329001505e-11
75300,5.219350114253578e-11
75400,5.2061667828998806e-11
75500,5.19303407629638e-11
75600,5.179951733599276e-11
75700,5.1669194956504544e-11
75800,5.153937104964364e-11
75900,5.1410043057150567e-11
76000,5.128120843723322e-11
76100,5.1152864664439436e-11
76200,5.10250092295307e-11
76300,5.089763963935697e-11
76400,5.077075341673272e-11
76500,5.064434810031399e-11
76600,5.0518421244476665e-11
76700,5.0392970419195614e-11
76800,5.0267993209925227e-11
76900,5.0143487217480805e-11
77000,5.001945005792106e-11
77100,4.9895879362431676e-11
77200,4.977277277720991e-11
77300,4.965012796335027e-11
77400,4.952794259673106e-11
77500,4.940621436790212e-11
77600,4.928494098197343e-11
77700,4.9164120158504764e-11
77800,4.904374963139628e-11
77900,4.892382714878012e-11
78000,4.8804350472912985e-11
78100,4.8685317380069484e-11
78200,4.8566725660436785e-11
78300,4.844857311800969e-11
78400,4.833085757048714e-11
78500,4.821357684916927e-11
78600,4.809672879885552e-11
78700,4.798031127774363e-11
78800,4.786432215732952e-11
78900,4.774875932230787e-11
79000,4.763362067047393e-11
79100,4.751890411262587e-11
79200,4.7404607572467955e-11
79300,4.7290728986515e-11
79400,4.7177266303997e-11
79500,4.7064217486765173e-11
79600,4.6951580509198444e-11
79700,4.683935335811091e-11
79800,4.6727534032660045e-11
79900,4.6616120544255716e-11
80000,4.650511091646997e-11
80100,4.639450318494757e-11
80200,4.6284295397317413e-11
80300,4.617448561310453e-11
80400,4.6065071903643024e-11
80500,4.5956052351989543e-11
80600,4.584742505283781e-11
80700,4.5739188112433463e-11
80800,4.563133964848997e-11
80900,4.552387779010517e-11
81000,4.5416800677678345e-11
81100,4.5310106462828316e-11
81200,4.520379330831185e-11
81300,4.50978593879432e-11
81400,4.499230288651393e-11
81500,4.488712199971354e-11
81600,4.4782314934051e-11
81700,4.4677879906776576e-11
81800,4.457381514580449e-11
81900,4.4470118889636335e-11
82000,4.4366789296974046e-11
82100,4.426382480778223e-11
82200,4.4161223601665704e-11
82300,4.405898395872114e-11
82400,4.3957104169258425e-11
82500,4.385558253372798e-11
82600,4.37544173626483e-11
82700,4.365360697653426e-11
82800,4.3553149705826124e-11
82900,4.345304389081882e-11
83000,4.335328788159217e-11
83100,4.325388003794144e-11
83200,4.315481872930856e-11
83300,4.3056102334714004e-11
83400,4.295772924268896e-11
83500,4.285969785120841e-11
83600,4.276200656762444e-11
83700,4.2664653808600374e-11
83800,4.2567638000045264e-11
83900,4.2470957577048943e-11
84000,4.2374610983817676e-11
84100,4.2278596673610337e-11
84200,4.218291310867498e-11
84300,4.208755876018618e-11
84400,4.1992532108182554e-11
84500,4.1897831641505055e-11
84600,4.1803455857735725e-11
84700,4.170940326313679e-11
84800,4.1615672372590443e-11
84900,4.152226170953903e-11
85000,4.142916980592569e-11
85100,4.1336395202135525e-11
85200,4.124393644693721e-11
85300,4.115179209742516e-11
85400,4.1059960718962015e-11
85500,4.0968440885121745e-11
85600,4.087723117763305e-11
85700,4.078633018632341e-11
85800,4.0695736509063434e-11
85900,4.060544875171166e-11
86000,4.051546552805992e-11
86100,4.042578545977894e-11
86200,4.033640717636461e-11
86300,4.024732931508454e-11
86400,4.0158550520925046e-11
86500,4.007006944653855e-11
86600,3.998188475219151e-11
86700,3.9893995105712587e-11
86800,3.98063991824415e-11
86900,3.971909566517779e-11
87000,3.9632083244130684e-11
87100,3.954536061686861e-11
87200,3.945892648826985e-11
87300,3.937277957047287e-11
87400,3.9286918582827594e-11
87500,3.92013422518468e-11
87600,3.911604931115788e-11
87700,3.903103850145513e-11
87800,3.8946308570452346e-11
87900,3.886185827283567e-11
88000,3.8777686370217016e-11
88100,3.86937916310877e-11
88200,3.861017283077251e-11
88300,3.852682875138412e-11
88400,3.8443758181777796e-11
88500,3.8360959917506656e-11
88600,3.8278432760776894e-11
88700,3.819617552040381e-11
88800,3.8114187011767896e-11
88900,3.803246605677126e-11
89000,3.795101148379453e-11
89100,3.786982212765398e-11
89200,3.778889682955903e-11
89300,3.770823443707009e-11
89400,3.762783380405674e-11
89500,3.754769379065598e-11
89600,3.746781326323137e-11
89700,3.7388191094331834e-11
89800,3.7308826162651257e-11
89900,3.722971735298809e-11
90000,3.715086355620549e-11
90100,3.7072263669191605e-11
90200,3.699391659482022e-11
90300,3.691582124191174e-11
90400,3.6837976525194407e-11
90500,3.676038136526583e-11
90600,3.6683034688554806e-11
90700,3.660593542728353e-11
90800,3.652908251942986e-11
90900,3.645247490869015e-11
91000,3.637611154444211e-11
91100,3.6299991381708124e-11
91200,3.6224113381118816e-11
91300,3.6148476508876774e-11
91400,3.607307973672068e-11
91500,3.599792204188965e-11
91600,3.5923002407087864e-11
91700,3.5848319820449466e-11
91800,3.577387327550366e-11
91900,3.569966177114016e-11
92000,3.562568431157488e-11
92100,3.5551939906315816e-11
92200,3.5478427570129216e-11
92300,3.540514632300611e-11
92400,3.533209519012885e-11
92500,3.525927320183815e-11
92600,3.518667939360025e-11
92700,3.5114312805974296e-11
92800,3.504217248458005e-11
92900,3.497025748006571e-11
93000,3.4898566848076174e-11
93100,3.4827099649221354e-11
93200,3.4755854949044747e-11
93300,3.468483181799232e-11
93400,3.461402933138163e-11
93500,3.454344656937102e-11
93600,3.447308261692924e-11
93700,3.440293656380512e-11
93800,3.433300750449763e-11
93900,3.4263294538225934e-11
94000,3.419379676890001e-11
94100,3.412451330509105e-11
94200,3.4055443260002515e-11
94300,3.398658575144096e-11
94400,3.3917939901787544e-11
94500,3.384950483796934e-11
94600,3.378127969143106e-11
94700,3.3713263598106954e-11
94800,3.3645455698392974e-11
94900,3.3577855137118923e-11
95000,3.351046106352105e-11
95100,3.344327263121478e-11
95200,3.337628899816749e-11
95300,3.3309509326671725e-11
95400,3.3242932783318403e-11
95500,3.3176558538970375e-11
95600,3.3110385768735906e-11
95700,3.304441365194282e-11
95800,3.2978641372112274e-11
95900,3.291306811693319e-11
96000,3.284769307823656e-11
96100,3.27825154519701e-11
96200,3.2717534438172986e-11
96300,3.265274924095085e-11
96400,3.258815906845098e-11
96500,3.2523763132837486e-11
96600,3.2459560650266966e-11
96700,3.2395550840864076e-11
96800,3.233173292869739e-11
96900,3.226810614175546e-11
97000,3.220466971192291e-11
97100,3.2141422874956954e-11
97200,3.207836487046368e-11
97300,3.2015494941875e-11
97400,3.195281233642531e-11
97500,3.1890316305128556e-11
97600,3.182800610275555e-11
97700,3.1765880987811045e-11
97800,3.1703940222511505e-11
97900,3.164218307276258e-11
98000,3.158060880813702e-11
98100,3.15192167018526e-11
98200,3.1458006030750264e-11
98300,3.139697607527243e-11
98400,3.133612611944133e-11
98500,3.12754554508377e-11
98600,3.121496336057947e-11
98700,3.115464914330065e-11
98800,3.109451209713033e-11
98900,3.103455152367187e-11
99000,3.097476672798227e-11
99100,3.0915157018551546e-11
99200,3.08557217072824e-11
99300,3.079646010946994e-11
99400,3.0737371543781545e-11
99500,3.0678455332237e-11
99600,3.06197108001885e-11
99700,3.0561137276301065e-11
99800,3.0502734092532946e-11
99900,3.044450058411621e-11
